"Annotation","mean_group1","sd_group1","mean_group2","sd_group2","p.val","p.adj"
"X1.acylglycerol.3.phosphate.O.acyltransferase.activity..GO.0003841.",1.1937767929715,1.35536312841943,0.993826765156266,1.37561996332066,0.00454225328025597,0.0106082657245707
"sulfite.reductase..ferredoxin..activity..GO.0050311.",0.831310398623469,1.55772742253455,1.52708798474496,1.82176619466488,0.00530413286228533,0.0106082657245707
"fucosyltransferase.activity..GO.0008417.",0.672985063393453,0.944402890047381,1.04652951144172,1.80473970668535,0.0236274297768148,0.0315032397024197
