"Annotation","mean_group1","sd_group1","mean_group2","sd_group2","p.val","p.adj"
"TonB.dependent.receptor..TIGR01782.",32.6724743923221,27.9773225566227,48.4542423888818,40.8138080120916,4.24386147751903e-10,8.0930438376288e-07
"heavy.metal.translocating.P.type.ATPase..TIGR01525.",46.4386560920106,22.2751045043467,28.9575003899055,20.7112639298421,1.36550477759434e-06,0.0013020088054362
"HAD.ATPase..P.type..family.IC..TIGR01494.",90.3344253491227,42.8378387768662,63.8227795702137,32.297261218456,1.24800364470457e-05,0.00793314316817203
"sucrose.6.phosphate.hydrolase..TIGR01322.",3.24397919765725,4.12317774190963,7.26333656661379,8.49219073199435,5.33833096476842e-05,0.0254504928745334
"PTS.system..maltose.and.glucose.specific.subfamily..IIC.component..TIGR00852.",3.0966643034544,4.62698487054577,5.17782322962248,6.81309090050626,8.49904665979166e-05,0.0324153639604454
"aromatic.amino.acid.transport.protein..TIGR00837.",2.38618504898779,4.06016148304734,3.17383037387539,3.74833588820788,0.000155298377798036,0.049359001076809
