"Annotation","mean_group1","sd_group1","mean_group2","sd_group2","p.val","p.adj"
"efflux.transporter..RND.family..MFP.subunit..TIGR01730.",26.0718509361752,23.9362458212121,38.9209565868186,23.3624051490234,3.64110930195533e-14,6.91810767371512e-11
"HAD.ATPase..P.type..family.IC..TIGR01494.",82.0258162850342,46.0761249763205,73.2172955102513,33.090773969342,2.4721966420705e-10,2.34858680996697e-07
"heavy.metal.translocating.P.type.ATPase..TIGR01525.",44.0068262751808,26.0570053365775,31.5913345666265,17.5358083513553,1.22638497331928e-07,7.7671048310221e-05
"TonB.dependent.siderophore.receptor..TIGR01783.",114.233090182077,70.4167714006509,118.214756354867,59.764976415659,9.13466705177654e-06,0.00433896684959386
"acetyl.CoA.C.acyltransferase..TIGR01930.",39.7923300354778,28.0801271955383,59.3772654205762,21.3865218764225,1.19903813173844e-05,0.00455634490060606
