"Annotation","mean_group1","sd_group1","mean_group2","sd_group2","p.val","p.adj"
"copper.exporting.ATPase.activity..GO.0004008.",2.67545354627607,2.38443295354511,3.7296764965507,3.25621028091938,0.0081220911091487,0.046702023877605
"methylenetetrahydrofolate.reductase..NAD.P.H..activity..GO.0004489.",4.49214733273328,4.21083183956205,9.15136762745593,2.06051001913547,0.00725423995425221,0.046702023877605
"phosphoadenylyl.sulfate.reductase..thioredoxin..activity..GO.0004604.",3.92022103696131,3.93711780809631,4.01097751819316,3.54927578555824,0.00287644852059643,0.046702023877605
"X4.hydroxy.3.methylbut.2.en.1.yl.diphosphate.reductase.activity..GO.0051745.",3.68863533606474,3.30829992440396,5.69195894257618,3.25776620865549,0.00544529824379165,0.046702023877605
