"Annotation","mean_group1","sd_group1","mean_group2","sd_group2","p.val","p.adj"
"deoxyribonucleotide.catabolic.process..GO.0009264.",2.49449069488852,3.74872291917759,7.21212544924901,5.15806526782152,0.000467692261433381,0.00360654386711937
"sulfate.assimilation..phosphoadenylyl.sulfate.reduction.by.phosphoadenylyl.sulfate.reductase..thioredoxin...GO.0019379.",4.53281560776958,5.19906648668313,5.02013141122216,4.54727800030428,0.000515220552445624,0.00360654386711937
