"Annotation","p.overall","CAvsDE","CAvsHF","DEvsHF"
"carbohydrate.transport..GO.0008643.",0,8.88617706597652e-13,1.16153986304865e-80,7.64838652561152e-35
"photosynthetic.electron.transport.in.photosystem.II..GO.0009772.",0.0200036171425737,0.999422836515939,0.0100199348160207,0.00225946330955187
