"Annotation","mean_group1","sd_group1","mean_group2","sd_group2","p.val","p.adj"
"X.Lactobacillaceae.",2.76638571659038,3.60031280418393,5.14972743783901,1.75009495759488,0.00577153780021612,0.0230861512008645
"Rhizoctonia",4.47209063668389,2.94105358883469,0.356267679164406,0.603274044215949,0.0212047967440028,0.0424095934880056
