"Annotation","mean_group1","sd_group1","mean_group2","sd_group2","p.val","p.adj"
"X.Proteobacteria.",1158.84265462364,1088.26198425943,1537.87504612935,832.808418186488,2.44948537477302e-54,2.13105227605252e-52
"X.Rhizobiales.",33.1155952572188,57.0645606456857,29.0262149370726,34.642576339157,3.04298746271811e-19,1.32369954628238e-17
