"Annotation","mean_group1","sd_group1","mean_group2","sd_group2","p.val","p.adj"
"phage.uncharacterized.protein..C.terminal.domain..TIGR01630.",5.46665187271441,6.57214887687874,12.118723933311,8.50866598053665,2.13756735870127e-06,0.000132529176239478
"exodeoxyribonuclease.V..alpha.subunit..TIGR01447.",5.06617669734846,5.05030660490875,10.4098802770566,4.48914464022406,0.000612071935291103,0.0189742299940242
"peptide.chain.release.factor.1..TIGR00019.",5.06617669734846,5.05030660490875,5.72304684052929,3.1190454066902,0.00365295009118511,0.0290670804590346
"X4.hydroxy.3.methylbut.2.enyl.diphosphate.reductase..TIGR00216.",4.88897560663259,4.78785493228681,6.42294511840502,4.10076075148168,0.00211954699748646,0.0290670804590346
"phosophoadenylyl.sulfate.reductase..TIGR00434.",3.38631177805817,4.12054998300711,3.53812842613871,3.22065428680916,0.0027575885952706,0.0290670804590346
"cell.division.protein.FtsA..TIGR01174.",2.67750741519469,2.95477890650566,7.55801611598202,2.59859376145116,0.00375059102697221,0.0290670804590346
"exodeoxyribonuclease.V..gamma.subunit..TIGR01450.",4.11460719537828,3.99314371046209,4.23802670401444,4.19992286110967,0.0031460413033248,0.0290670804590346
"outer.membrane.assembly.lipoprotein.YfiO..TIGR03302.",4.40344532841919,4.82972171628523,4.62092837414399,3.63468713882961,0.00227118467273414,0.0290670804590346
"N.acetyl.gamma.glutamyl.phosphate.reductase..TIGR01850.",4.33788128002836,5.1987653103033,4.69251794209573,3.43699130654776,0.00498012029473558,0.034307495363734
