"Annotation","p.overall","CAvsDE","CAvsHF","DEvsHF"
"Monosaccharide.transporting.ATPase..3.6.3.17.",3.3056890558214e-14,0.000129787660321099,0.0895430595982748,6.48255187001928e-13
"DNA.topoisomerase..5.99.1.2.",7.93365373397137e-14,0.999202117143378,3.03281019897841e-07,1.09920430369143e-11
"X4.phosphoerythronate.dehydrogenase..1.1.1.290.",0.0275411889601398,0.101485393598502,0.00331743413654342,0.885731852381355
"Transferred.entry..1.5.98.2..1.5.99.11.",0.0275411889601398,0.373547837805594,0.0434933883504534,0.525797971845082
